"Trial","Bay","Block","Row","Range","Expt","Name","Damage_Level","Experiment_Number"
"15NFNB","D",1,87,8,"CAIGE","5:ZIE14",2,1
"15NFNB","D",1,88,8,"CAIGE","6:ZIE14",2,1
"15NFNB","D",1,89,8,"Control","Fathom",5,1
"15NFNB","D",1,90,8,"CAIGE","12:ZIE14",3,1
"15NFNB","D",1,91,8,"CAIGE","14:ZIE14",2,1
"15NFNB","D",1,92,8,"CAIGE","15:ZIE14",2,1
"15NFNB","D",1,93,8,"Control","VB9613",8,1
"15NFNB","D",1,94,8,"CAIGE","1:ZIC14",5,1
"15NFNB","D",1,95,8,"CAIGE","2:ZIC14",3,1
"15NFNB","D",1,96,8,"Control","VB9613",8,1
"15NFNB","D",1,73,9,"Control","VB9613",8,1
"15NFNB","D",1,74,9,"CAIGE","3:ZIC14",5,1
"15NFNB","D",1,75,9,"CAIGE","4:ZIC14",3,1
"15NFNB","D",1,76,9,"CAIGE","5:ZIC14",2,1
"15NFNB","D",1,77,9,"Control","VB9613",8,1
"15NFNB","D",1,78,9,"CAIGE","6:ZIC14",2,1
"15NFNB","D",1,79,9,"CAIGE","7:ZIC14",3,1
"15NFNB","D",1,80,9,"CAIGE","8:ZIC14",3,1
"15NFNB","D",1,81,9,"Control","Bass",7,1
"15NFNB","D",1,82,9,"CAIGE","9:ZIC14",5,1
"15NFNB","D",1,83,9,"CAIGE","10:ZIC14",4,1
"15NFNB","D",1,84,9,"CAIGE","11:ZIC14",5,1
"15NFNB","D",1,85,9,"Control","Fathom",6,1
"15NFNB","D",1,86,9,"CAIGE","12:ZIC14",2,1
"15NFNB","D",1,87,9,"CAIGE","13:ZIC14",2,1
"15NFNB","D",1,88,9,"CAIGE","14:ZIC14",2,1
"15NFNB","D",1,89,9,"Control","VB9613",8,1
"15NFNB","D",1,90,9,"CAIGE","15:ZIC14",2,1
"15NFNB","D",1,91,9,"CAIGE","16:ZIC14",3,1
"15NFNB","D",1,92,9,"CAIGE","17:ZIC14",3,1
"15NFNB","D",1,93,9,"Control","VB9613",8,1
"15NFNB","D",1,94,9,"CAIGE","18:ZIC14",2,1
"15NFNB","D",1,95,9,"CAIGE","19:ZIC14",6,1
"15NFNB","D",1,96,9,"Control","VB9613",8,1
"15NFNB","D",1,73,10,"Control","VB9613",8,1
"15NFNB","D",1,74,10,"CAIGE","20:ZIC14",5,1
"15NFNB","D",1,75,10,"CAIGE","21:ZIC14",4,1
"15NFNB","D",1,76,10,"CAIGE","22:ZIC14",2,1
"15NFNB","D",1,77,10,"Control","VB9613",8,1
"15NFNB","D",1,78,10,"CAIGE","24:ZIC14",2,1
"15NFNB","D",1,79,10,"CAIGE","2:ZIB14",2,1
"15NFNB","D",1,80,10,"CAIGE","3:ZIB14",4,1
"15NFNB","D",1,81,10,"Control","VB9613",8,1
"15NFNB","D",1,82,10,"CAIGE","4:ZIB14",2,1
"15NFNB","D",1,83,10,"CAIGE","5:ZIB14",2,1
"15NFNB","D",1,84,10,"CAIGE","6:ZIB14",2,1
"15NFNB","D",1,85,10,"Control","VB9613",8,1
"15NFNB","D",1,86,10,"CAIGE","7:ZIB14",2,1
"15NFNB","D",1,87,10,"CAIGE","8:ZIB14",2,1
"15NFNB","D",1,88,10,"CAIGE","9:ZIB14",2,1
"15NFNB","D",1,89,10,"Control","VB9613",8,1
"15NFNB","D",1,90,10,"CAIGE","10:ZIB14",3,1
"15NFNB","D",1,91,10,"CAIGE","11:ZIB14",3,1
"15NFNB","D",1,92,10,"CAIGE","12:ZIB14",3,1
"15NFNB","D",1,93,10,"Control","VB9613",8,1
"15NFNB","D",1,94,10,"CAIGE","13:ZIB14",5,1
"15NFNB","D",1,95,10,"CAIGE","14:ZIB14",3,1
"15NFNB","D",1,96,10,"Control","Bass",6,1
"15NFNB","D",1,73,12,"Control","VB9613",8,1
"15NFNB","D",1,74,12,"CAIGE","16:ZIB14",2,1
"15NFNB","D",1,75,12,"CAIGE","17:ZIB14",2,1
"15NFNB","D",1,76,12,"CAIGE","18:ZIB14",1,1
"15NFNB","D",1,77,12,"Control","VB9613",8,1
"15NFNB","D",1,78,12,"CAIGE","19:ZIB14",3,1
"15NFNB","D",1,79,12,"CAIGE","20:ZIB14",2,1
"15NFNB","D",1,80,12,"CAIGE","21:ZIB14",2,1
"15NFNB","D",1,81,12,"Control","VB9613",8,1
"15NFNB","D",1,82,12,"CAIGE","22:ZIB14",5,1
"15NFNB","D",1,83,12,"CAIGE","23:ZIB14",2,1
"15NFNB","D",1,84,12,"CAIGE","24:ZIB14",2,1
"15NFNB","D",1,85,12,"Control","Compass",4,1
"15NFNB","D",1,86,12,"CAIGE","2:ZID14",2,1
"15NFNB","D",1,87,12,"CAIGE","3:ZID14",2,1
"15NFNB","D",1,88,12,"CAIGE","4:ZID14",2,1
"15NFNB","D",1,89,12,"Control","Compass",3,1
"15NFNB","D",1,90,12,"CAIGE","5:ZID14",2,1
"15NFNB","D",1,91,12,"CAIGE","6:ZID14",2,1
"15NFNB","D",1,92,12,"CAIGE","7:ZID14",2,1
"15NFNB","D",1,93,12,"Control","VB9613",8,1
"15NFNB","D",1,94,12,"CAIGE","8:ZID14",2,1
"15NFNB","D",1,95,12,"CAIGE","9:ZID14",2,1
"15NFNB","D",1,96,12,"Control","Bass",7,1
"15NFNB","D",1,73,13,"Control","VB9613",8,1
"15NFNB","D",1,74,13,"CAIGE","10:ZID14",2,1
"15NFNB","D",1,75,13,"CAIGE","11:ZID14",2,1
"15NFNB","D",1,76,13,"CAIGE","12:ZID14",2,1
"15NFNB","D",1,77,13,"Control","Bass",6,1
"15NFNB","D",1,78,13,"CAIGE","13:ZID14",2,1
"15NFNB","D",1,79,13,"CAIGE","14:ZID14",2,1
"15NFNB","D",1,80,13,"CAIGE","15:ZID14",7,1
"15NFNB","D",1,81,13,"Control","VB9613",8,1
"15NFNB","D",1,82,13,"CAIGE","16:ZID14",2,1
"15NFNB","D",1,83,13,"CAIGE","17:ZID14",3,1
"15NFNB","D",1,84,13,"CAIGE","18:ZID14",3,1
"15NFNB","D",1,85,13,"Control","VB9613",8,1
"15NFNB","D",1,86,13,"CAIGE","19:ZID14",2,1
"15NFNB","D",1,87,13,"CAIGE","22:ZID14",2,1
"15NFNB","D",1,88,13,"CAIGE","23:ZID14",8,1
"15NFNB","D",1,89,13,"Control","VB9613",8,1
"15NFNB","D",1,90,13,"CAIGE","24:ZID14",2,1
"15NFNB","D",1,91,13,"CAIGE","25:ZID14",2,1
"15NFNB","D",1,92,13,"CAIGE","26:ZID14",2,1
"15NFNB","D",1,93,13,"Control","VB9613",8,1
"15NFNB","D",1,94,13,"CAIGE","27:ZID14",2,1
"15NFNB","D",1,95,13,"CAIGE","28:ZID14",3,1
"15NFNB","D",1,96,13,"Control","VB9613",8,1
"15NFNB","D",1,73,14,"Control","VB9613",8,1
"15NFNB","D",1,74,14,"CAIGE","29:ZID14",2,1
"15NFNB","D",1,75,14,"CAIGE","31:ZID14",3,1
"15NFNB","D",1,76,14,"CAIGE","32:ZID14",2,1
"15NFNB","D",1,77,14,"Control","VB9613",8,1
"15NFNB","D",1,78,14,"CAIGE","33:ZID14",2,1
"15NFNB","D",1,79,14,"CAIGE","34:ZID14",2,1
"15NFNB","D",1,80,14,"CAIGE","35:ZID14",2,1
"15NFNB","D",1,81,14,"Control","Compass",5,1
"15NFNB","D",1,82,14,"CAIGE","36:ZID14",3,1
"15NFNB","D",1,83,14,"CAIGE","37:ZID14",2,1
"15NFNB","D",1,84,14,"CAIGE","38:ZID14",1,1
"15NFNB","D",1,85,14,"Control","VB9613",8,1
"15NFNB","D",1,86,14,"CAIGE","39:ZID14",3,1
"15NFNB","D",1,87,14,"CAIGE","41:ZID14",2,1
"15NFNB","D",1,88,14,"CAIGE","42:ZID14",2,1
"15NFNB","D",1,89,14,"Control","VB9613",8,1
"15NFNB","D",1,90,14,"CAIGE","43:ZID14",2,1
"15NFNB","D",1,91,14,"CAIGE","44:ZID14",2,1
"15NFNB","D",1,92,14,"CAIGE","45:ZID14",3,1
"15NFNB","D",1,93,14,"Control","VB9613",7,1
"15NFNB","D",1,94,14,"CAIGE","46:ZID14",3,1
"15NFNB","D",1,95,14,"CAIGE","47:ZID14",2,1
"15NFNB","D",1,96,14,"Control","VB9613",8,1
"15NFNB","D",1,73,15,"Control","VB9613",8,1
"15NFNB","D",1,74,15,"CAIGE","48:ZID14",5,1
"15NFNB","D",1,75,15,"CAIGE","49:ZID14",3,1
"15NFNB","D",1,76,15,"CAIGE","51:ZID14",2,1
"15NFNB","D",1,77,15,"Control","VB9613",8,1
"15NFNB","D",1,78,15,"CAIGE","52:ZID14",3,1
"15NFNB","D",1,79,15,"CAIGE","53:ZID14",6,1
"15NFNB","D",1,80,15,"CAIGE","54:ZID14",4,1
"15NFNB","D",1,81,15,"Control","VB9613",8,1
"15NFNB","D",1,82,15,"CAIGE","55:ZID14",2,1
"15NFNB","D",1,83,15,"CAIGE","57:ZID14",4,1
"15NFNB","D",1,84,15,"CAIGE","58:ZID14",2,1
"15NFNB","D",1,85,15,"Control","VB9613",8,1
"15NFNB","D",1,86,15,"CAIGE","59:ZID14",2,1
"15NFNB","D",1,87,15,"CAIGE","61:ZID14",2,1
"15NFNB","D",1,88,15,"CAIGE","62:ZID14",2,1
"15NFNB","D",1,89,15,"Control","La Trobe",2,1
"15NFNB","D",1,90,15,"CAIGE","63:ZID14",1,1
"15NFNB","D",1,91,15,"CAIGE","64:ZID14",1,1
"15NFNB","D",1,92,15,"CAIGE","65:ZID14",1,1
"15NFNB","D",1,93,15,"Control","VB9613",8,1
"15NFNB","D",1,94,15,"CAIGE","66:ZID14",2,1
"15NFNB","D",1,95,15,"CAIGE","67:ZID14",2,1
"15NFNB","D",1,96,15,"Control","Flinders",3,1
"15NFNB","D",1,73,16,"Control","VB9613",8,1
"15NFNB","D",1,74,16,"CAIGE","68:ZID14",2,1
"15NFNB","D",1,75,16,"CAIGE","69:ZID14",2,1
"15NFNB","D",1,76,16,"CAIGE","71:ZID14",3,1
"15NFNB","D",1,77,16,"Control","VB9613",8,1
"15NFNB","D",1,78,16,"CAIGE","72:ZID14",4,1
"15NFNB","D",1,79,16,"CAIGE","73:ZID14",3,1
"15NFNB","D",1,80,16,"CAIGE","74:ZID14",4,1
"15NFNB","D",1,81,16,"Control","VB9613",8,1
"15NFNB","D",1,82,16,"CAIGE","75:ZID14",4,1
"15NFNB","D",1,83,16,"CAIGE","76:ZID14",4,1
"15NFNB","D",1,84,16,"CAIGE","77:ZID14",3,1
"15NFNB","D",1,85,16,"Control","VB9613",8,1
"15NFNB","D",1,86,16,"CAIGE","79:ZID14",3,1
"15NFNB","D",1,87,16,"CAIGE","81:ZID14",1,1
"15NFNB","D",1,88,16,"CAIGE","82:ZID14",4,1
"15NFNB","D",1,89,16,"Control","Fathom",6,1
"15NFNB","D",1,90,16,"CAIGE","83:ZID14",3,1
"15NFNB","D",1,91,16,"CAIGE","84:ZID14",3,1
"15NFNB","D",1,92,16,"CAIGE","85:ZID14",2,1
"15NFNB","D",1,93,16,"Control","VB9613",8,1
"15NFNB","D",1,94,16,"CAIGE","86:ZID14",3,1
"15NFNB","D",1,95,16,"CAIGE","87:ZID14",2,1
"15NFNB","D",1,96,16,"Control","VB9613",8,1
"15NFNB","D",1,73,17,"Control","VB9613",8,1
"15NFNB","D",1,74,17,"CAIGE","88:ZID14",2,1
"15NFNB","D",1,75,17,"CAIGE","89:ZID14",1,1
"15NFNB","D",1,76,17,"CAIGE","91:ZID14",2,1
"15NFNB","D",1,77,17,"Control","VB9613",8,1
"15NFNB","D",1,78,17,"CAIGE","92:ZID14",3,1
"15NFNB","D",1,79,17,"CAIGE","93:ZID14",2,1
"15NFNB","D",1,80,17,"CAIGE","94:ZID14",2,1
"15NFNB","D",1,81,17,"Control","Bass",6,1
"15NFNB","D",1,82,17,"CAIGE","95:ZID14",2,1
"15NFNB","D",1,83,17,"CAIGE","96:ZID14",2,1
"15NFNB","D",1,84,17,"CAIGE","97:ZID14",3,1
"15NFNB","D",1,85,17,"Control","VB9613",8,1
"15NFNB","D",1,86,17,"CAIGE","98:ZID14",2,1
"15NFNB","D",1,87,17,"CAIGE","99:ZID14",2,1
"15NFNB","D",1,88,17,"CAIGE","101:ZID14",3,1
"15NFNB","D",1,89,17,"Control","Commander",4,1
"15NFNB","D",1,90,17,"CAIGE","102:ZID14",3,1
"15NFNB","D",1,91,17,"CAIGE","103:ZID14",2,1
"15NFNB","D",1,92,17,"CAIGE","104:ZID14",3,1
"15NFNB","D",1,93,17,"Control","VB9613",8,1
"15NFNB","D",1,94,17,"CAIGE","105:ZID14",2,1
"15NFNB","D",1,95,17,"CAIGE","107:ZID14",2,1
"15NFNB","D",1,96,17,"Control","Compass",4,1
"15NFNB","D",1,73,18,"Control","Flinders",5,1
"15NFNB","D",1,74,18,"CAIGE","108:ZID14",2,1
"15NFNB","D",1,75,18,"CAIGE","109:ZID14",1,1
"15NFNB","D",1,76,18,"CAIGE","111:ZID14",1,1
"15NFNB","D",1,77,18,"Control","VB9613",7,1
"15NFNB","D",1,78,18,"CAIGE","112:ZID14",2,1
"15NFNB","D",1,79,18,"CAIGE","113:ZID14",2,1
"15NFNB","D",1,80,18,"CAIGE","115:ZID14",3,1
"15NFNB","D",1,81,18,"Control","VB9613",8,1
"15NFNB","D",1,82,18,"CAIGE","116:ZID14",2,1
"15NFNB","D",1,83,18,"CAIGE","117:ZID14",2,1
"15NFNB","D",1,84,18,"CAIGE","121:ZID14",3,1
"15NFNB","D",1,85,18,"Control","VB9613",8,1
"15NFNB","D",1,86,18,"CAIGE","122:ZID14",7,1
"15NFNB","D",1,87,18,"CAIGE","123:ZID14",5,1
"15NFNB","D",1,88,18,"CAIGE","124:ZID14",4,1
"15NFNB","D",1,89,18,"Control","VB9613",8,1
"15NFNB","D",1,90,18,"CAIGE","128:ZID14",4,1
"15NFNB","D",1,91,18,"CAIGE","129:ZID14",1,1
"15NFNB","D",1,92,18,"CAIGE","131:ZID14",2,1
"15NFNB","D",1,93,18,"Control","VB9613",8,1
"15NFNB","D",1,94,18,"CAIGE","132:ZID14",7,1
"15NFNB","D",1,95,18,"CAIGE","133:ZID14",6,1
"15NFNB","D",1,96,18,"Control","VB9613",8,1
"15NFNB","D",1,73,19,"Control","VB9613",8,1
"15NFNB","D",1,74,19,"CAIGE","134:ZID14",1,1
"15NFNB","D",1,75,19,"CAIGE","135:ZID14",1,1
"15NFNB","D",1,76,19,"CAIGE","136:ZID14",1,1
"15NFNB","D",1,77,19,"Control","VB9613",8,1
"15NFNB","D",1,78,19,"CAIGE","137:ZID14",3,1
"15NFNB","D",1,79,19,"CAIGE","138:ZID14",1,1
"15NFNB","D",1,80,19,"CAIGE","139:ZID14",1,1
"15NFNB","D",1,81,19,"Control","VB9613",8,1
"15NFNB","D",1,82,19,"CAIGE","141:ZID14",1,1
"15NFNB","D",1,83,19,"CAIGE","142:ZID14",1,1
"15NFNB","D",1,84,19,"CAIGE","143:ZID14",4,1
"15NFNB","D",1,85,19,"Control","Bass",7,1
"15NFNB","D",1,86,19,"CAIGE","144:ZID14",4,1
"15NFNB","D",1,87,19,"CAIGE","145:ZID14",3,1
"15NFNB","D",1,88,19,"CAIGE","147:ZID14",1,1
"15NFNB","D",1,89,19,"Control","Commander",4,1
"15NFNB","D",1,90,19,"CAIGE","148:ZID14",1,1
"15NFNB","D",1,91,19,"CAIGE","149:ZID14",1,1
"15NFNB","D",1,92,19,"CAIGE","Rihane-03",1,1
"15NFNB","D",1,93,19,"Control","VB9613",8,1
"15NFNB","D",1,94,19,"CAIGE","Parent19",2,1
"NFNB '16","A",1,1,15,"Control","VB9613",9,6
"NFNB '16","A",1,3,15,"CAIGE 1","3:LAN15",3,6
"NFNB '16","A",1,5,15,"Control","Gairdner",5,6
"NFNB '16","A",1,6,15,"CAIGE 1","6:LAN15",2,6
"NFNB '16","A",1,7,15,"CAIGE 1","7:LAN15",7,6
"NFNB '16","A",1,8,15,"CAIGE 1","8:LAN15",3,6
"NFNB '16","A",1,9,15,"Control","Flinders",3,6
"NFNB '16","A",1,10,15,"CAIGE 1","10:LAN15",3,6
"NFNB '16","A",1,11,15,"CAIGE 1","13:LAN15",2,6
"NFNB '16","A",1,12,15,"CAIGE 1","14:LAN15",2,6
"NFNB '16","A",1,13,15,"Control","Bass",8,6
"NFNB '16","A",1,14,15,"CAIGE 1","16:LAN15",2,6
"NFNB '16","A",1,17,15,"Control","Bass",8,6
"NFNB '16","A",1,19,15,"CAIGE 1","22:LAN15",2,6
"NFNB '16","A",1,20,15,"CAIGE 1","23:LAN15",2,6
"NFNB '16","A",1,21,15,"Control","VB9613",9,6
"NFNB '16","A",1,22,15,"CAIGE 1","25:LAN15",2,6
"NFNB '16","A",1,23,15,"CAIGE 1","1:ZBS15",2,6
"NFNB '16","A",1,1,16,"Control","Fathom",6,6
"NFNB '16","A",1,2,16,"CAIGE 1","3:ZBS15",2,6
"NFNB '16","A",1,3,16,"CAIGE 1","4:ZBS15",2,6
"NFNB '16","A",1,4,16,"CAIGE 1","5:ZBS15",5,6
"NFNB '16","A",1,5,16,"Control","La Trobe",8,6
"NFNB '16","A",1,6,16,"CAIGE 1","6:ZBS15",3,6
"NFNB '16","A",1,7,16,"CAIGE 1","7:ZBS15",2,6
"NFNB '16","A",1,8,16,"CAIGE 1","8:ZBS15",2,6
"NFNB '16","A",1,9,16,"Control","Fathom",6,6
"NFNB '16","A",1,10,16,"CAIGE 1","9:ZBS15",9,6
"NFNB '16","A",1,11,16,"CAIGE 1","10:ZBS15",2,6
"NFNB '16","A",1,12,16,"CAIGE 1","11:ZBS15",2,6
"NFNB '16","A",1,13,16,"Control","VB9613",9,6
"NFNB '16","A",1,14,16,"CAIGE 1","12:ZBS15",2,6
"NFNB '16","A",1,15,16,"CAIGE 1","16:ZBS15",3,6
"NFNB '16","A",1,16,16,"CAIGE 1","18:ZBS15",2,6
"NFNB '16","A",1,17,16,"Control","La Trobe",8,6
"NFNB '16","A",1,18,16,"CAIGE 1","20:ZBS15",2,6
"NFNB '16","A",1,19,16,"CAIGE 1","21:ZBS15",2,6
"NFNB '16","A",1,20,16,"CAIGE 1","23:ZBS15",4,6
"NFNB '16","A",1,21,16,"Control","VB9613",9,6
"NFNB '16","A",1,22,16,"CAIGE 1","24:ZBS15",2,6
"NFNB '16","A",1,23,16,"CAIGE 1","25:ZBS15",3,6
"NFNB '16","A",1,24,16,"Control","La Trobe",9,6
"NFNB '16","A",1,1,17,"Control","La Trobe",9,6
"NFNB '16","A",1,2,17,"CAIGE 1","28:ZBS15",6,6
"NFNB '16","A",1,3,17,"CAIGE 1","29:ZBS15",9,6
"NFNB '16","A",1,4,17,"CAIGE 1","31:ZBS15",3,6
"NFNB '16","A",1,5,17,"Control","VB9613",9,6
"NFNB '16","A",1,6,17,"CAIGE 1","32:ZBS15",3,6
"NFNB '16","A",1,7,17,"CAIGE 1","33:ZBS15",3,6
"NFNB '16","A",1,9,17,"Control","Compass",5,6
"NFNB '16","A",1,10,17,"CAIGE 1","36:ZBS15",2,6
"NFNB '16","A",1,11,17,"CAIGE 1","37:ZBS15",2,6
"NFNB '16","A",1,12,17,"CAIGE 1","38:ZBS15",2,6
"NFNB '16","A",1,13,17,"Control","VB9613",9,6
"NFNB '16","A",1,14,17,"CAIGE 1","39:ZBS15",5,6
"NFNB '16","A",1,15,17,"CAIGE 1","40:ZBS15",2,6
"NFNB '16","A",1,16,17,"CAIGE 1","42:ZBS15",8,6
"NFNB '16","A",1,17,17,"Control","Rosalind",4,6
"NFNB '16","A",1,18,17,"CAIGE 1","43:ZBS15",8,6
"NFNB '16","A",1,19,17,"CAIGE 1","44:ZBS15",3,6
"NFNB '16","A",1,20,17,"CAIGE 1","46:ZBS15",2,6
"NFNB '16","A",1,21,17,"Control","Rosalind",4,6
"NFNB '16","A",1,22,17,"CAIGE 1","47:ZBS15",2,6
"NFNB '16","A",1,23,17,"CAIGE 1","51:ZBS15",3,6
"NFNB '16","A",1,24,17,"Control","Gairdner",5,6
"NFNB '16","A",1,1,18,"Control","La Trobe",9,6
"NFNB '16","A",1,2,18,"CAIGE 1","54:ZBS15",2,6
"NFNB '16","A",1,3,18,"CAIGE 1","55:ZBS15",2,6
"NFNB '16","A",1,4,18,"CAIGE 1","56:ZBS15",2,6
"NFNB '16","A",1,5,18,"Control","Bass",8,6
"NFNB '16","A",1,6,18,"CAIGE 1","57:ZBS15",2,6
"NFNB '16","A",1,7,18,"CAIGE 1","58:ZBS15",3,6
"NFNB '16","A",1,8,18,"CAIGE 1","59:ZBS15",2,6
"NFNB '16","A",1,9,18,"Control","Compass",5,6
"NFNB '16","A",1,10,18,"CAIGE 1","61:ZBS15",2,6
"NFNB '16","A",1,11,18,"CAIGE 1","62:ZBS15",2,6
"NFNB '16","A",1,12,18,"CAIGE 1","63:ZBS15",2,6
"NFNB '16","A",1,13,18,"Control","Fathom",6,6
"NFNB '16","A",1,14,18,"CAIGE 1","64:ZBS15",6,6
"NFNB '16","A",1,15,18,"CAIGE 1","65:ZBS15",3,6
"NFNB '16","A",1,16,18,"CAIGE 1","66:ZBS15",3,6
"NFNB '16","A",1,17,18,"Control","VB9613",8,6
"NFNB '16","A",1,18,18,"CAIGE 1","67:ZBS15",2,6
"NFNB '16","A",1,19,18,"CAIGE 1","68:ZBS15",2,6
"NFNB '16","A",1,20,18,"CAIGE 1","69:ZBS15",3,6
"NFNB '16","A",1,21,18,"Control","VB9613",8,6
"NFNB '16","A",1,22,18,"CAIGE 1","70:ZBS15",2,6
"NFNB '16","A",1,23,18,"CAIGE 1","71:ZBS15",2,6
"NFNB '16","A",1,24,18,"Control","VB9613",9,6
"NFNB '16","A",1,1,19,"Control","Flinders",4,6
"NFNB '16","A",1,2,19,"CAIGE 1","72:ZBS15",2,6
"NFNB '16","A",1,3,19,"CAIGE 1","74:ZBS15",3,6
"NFNB '16","A",1,4,19,"CAIGE 1","75:ZBS15",2,6
"NFNB '16","A",1,5,19,"Control","La Trobe",7,6
"NFNB '16","A",1,6,19,"CAIGE 1","76:ZBS15",3,6
"NFNB '16","A",1,7,19,"CAIGE 1","79:ZBS15",9,6
"NFNB '16","A",1,8,19,"CAIGE 1","80:ZBS15",6,6
"NFNB '16","A",1,9,19,"Control","La Trobe",8,6
"NFNB '16","A",1,10,19,"CAIGE 1","82:ZBS15",6,6
"NFNB '16","A",1,11,19,"CAIGE 1","83:ZBS15",3,6
"NFNB '16","A",1,12,19,"CAIGE 1","84:ZBS15",3,6
"NFNB '16","A",1,13,19,"Control","Rosalind",3,6
"NFNB '16","A",1,14,19,"CAIGE 1","85:ZBS15",3,6
"NFNB '16","A",1,15,19,"CAIGE 1","86:ZBS15",3,6
"NFNB '16","A",1,16,19,"CAIGE 1","87:ZBS15",2,6
"NFNB '16","A",1,17,19,"Control","La Trobe",8,6
"NFNB '16","A",1,18,19,"CAIGE 1","88:ZBS15",2,6
"NFNB '16","A",1,19,19,"CAIGE 1","89:ZBS15",2,6
"NFNB '16","A",1,20,19,"CAIGE 1","90:ZBS15",3,6
"NFNB '16","A",1,21,19,"Control","Gairdner",5,6
"NFNB '16","A",1,22,19,"CAIGE 1","2:ZIB15",3,6
"NFNB '16","A",1,23,19,"CAIGE 1","3:ZIB15",2,6
"NFNB '16","A",1,24,19,"Control","Rosalind",3,6
"NFNB '16","B",1,25,7,"Control","Gairdner",5,6
"NFNB '16","B",1,26,7,"CAIGE 1","4:ZIB15",2,6
"NFNB '16","B",1,27,7,"CAIGE 1","6:ZIB15",2,6
"NFNB '16","B",1,28,7,"CAIGE 1","7:ZIB15",3,6
"NFNB '16","B",1,29,7,"Control","La Trobe",7,6
"NFNB '16","B",1,30,7,"CAIGE 1","8:ZIB15",5,6
"NFNB '16","B",1,31,7,"CAIGE 1","9:ZIB15",2,6
"NFNB '16","B",1,32,7,"CAIGE 1","10:ZIB15",2,6
"NFNB '16","B",1,33,7,"Control","Bass",7,6
"NFNB '16","B",1,34,7,"CAIGE 1","11:ZIB15",3,6
"NFNB '16","B",1,35,7,"CAIGE 1","13:ZIB15",6,6
"NFNB '16","B",1,36,7,"CAIGE 1","14:ZIB15",2,6
"NFNB '16","B",1,37,7,"Control","VB9613",8,6
"NFNB '16","B",1,38,7,"CAIGE 1","15:ZIB15",2,6
"NFNB '16","B",1,39,7,"CAIGE 1","16:ZIB15",2,6
"NFNB '16","B",1,40,7,"CAIGE 1","17:ZIB15",2,6
"NFNB '16","B",1,41,7,"Control","VB9613",8,6
"NFNB '16","B",1,42,7,"CAIGE 1","18:ZIB15",3,6
"NFNB '16","B",1,43,7,"CAIGE 1","19:ZIB15",2,6
"NFNB '16","B",1,44,7,"CAIGE 1","20:ZIB15",3,6
"NFNB '16","B",1,45,7,"Control","Bass",7,6
"NFNB '16","B",1,46,7,"CAIGE 1","21:ZIB15",2,6
"NFNB '16","B",1,47,7,"CAIGE 1","22:ZIB15",4,6
"NFNB '16","B",1,48,7,"Control","VB9613",9,6
"NFNB '16","B",1,25,8,"Control","VB9613",9,6
"NFNB '16","B",1,26,8,"CAIGE 1","23:ZIB15",2,6
"NFNB '16","B",1,27,8,"CAIGE 1","24:ZIB15",2,6
"NFNB '16","B",1,28,8,"CAIGE 1","1:ZIC15",6,6
"NFNB '16","B",1,29,8,"Control","Gairdner",5,6
"NFNB '16","B",1,30,8,"CAIGE 1","3:ZIC15",5,6
"NFNB '16","B",1,31,8,"CAIGE 1","4:ZIC15",8,6
"NFNB '16","B",1,32,8,"CAIGE 1","5:ZIC15",3,6
"NFNB '16","B",1,33,8,"Control","Rosalind",3,6
"NFNB '16","B",1,34,8,"CAIGE 1","6:ZIC15",3,6
"NFNB '16","B",1,35,8,"CAIGE 1","7:ZIC15",2,6
"NFNB '16","B",1,36,8,"CAIGE 1","8:ZIC15",4,6
"NFNB '16","B",1,37,8,"Control","Compass",4,6
"NFNB '16","B",1,38,8,"CAIGE 1","9:ZIC15",4,6
"NFNB '16","B",1,39,8,"CAIGE 1","10:ZIC15",2,6
"NFNB '16","B",1,40,8,"CAIGE 1","12:ZIC15",2,6
"NFNB '16","B",1,41,8,"Control","La Trobe",8,6
"NFNB '16","B",1,42,8,"CAIGE 1","13:ZIC15",2,6
"NFNB '16","B",1,43,8,"CAIGE 1","14:ZIC15",3,6
"NFNB '16","B",1,44,8,"CAIGE 1","15:ZIC15",2,6
"NFNB '16","B",1,45,8,"Control","Flinders",3,6
"NFNB '16","B",1,46,8,"CAIGE 1","16:ZIC15",2,6
"NFNB '16","B",1,47,8,"CAIGE 1","17:ZIC15",2,6
"NFNB '16","B",1,48,8,"Control","Fathom",5,6
"NFNB '16","B",1,25,9,"Control","La Trobe",9,6
"NFNB '16","B",1,26,9,"CAIGE 1","19:ZIC15",6,6
"NFNB '16","B",1,27,9,"CAIGE 1","20:ZIC15",2,6
"NFNB '16","B",1,28,9,"CAIGE 1","21:ZIC15",2,6
"NFNB '16","B",1,29,9,"Control","VB9613",9,6
"NFNB '16","B",1,30,9,"CAIGE 1","23:ZIC15",2,6
"NFNB '16","B",1,31,9,"CAIGE 1","24:ZIC15",2,6
"NFNB '16","B",1,32,9,"CAIGE 1","125:ZID14",2,6
"NFNB '16","B",1,33,9,"Control","VB9613",9,6
"NFNB '16","B",1,34,9,"CAIGE 1","1:ZIE14",2,6
"NFNB '16","B",1,35,9,"CAIGE 1","9:ZIE14",2,6
"NFNB '16","B",1,36,9,"CAIGE 1","11:ZIE14",3,6
"NFNB '16","B",1,37,9,"Control","La Trobe",8,6
"NFNB '16","B",1,38,9,"CAIGE 1","13:ZIE14",2,6
"NFNB '16","B",1,39,9,"CAIGE 1","18:ZIE14",7,6
"NFNB '16","B",1,40,9,"CAIGE 1","19:ZIE14",4,6
"NFNB '16","B",1,41,9,"Control","Rosalind",3,6
"NFNB '16","B",1,42,9,"CAIGE 1","20:ZIE14",2,6
"NFNB '16","B",1,43,9,"CAIGE 1"," ICARDA003",2,6
"NFNB '16","B",1,44,9,"CAIGE 1"," ICARDA009",5,6
"NFNB '16","B",1,45,9,"Control","Gairdner",5,6
"NFNB '16","B",1,46,9,"CAIGE 1"," ICARDA012",7,6
"NFNB '16","B",1,47,9,"CAIGE 1"," ICARDA016",2,6
"NFNB '16","B",1,48,9,"Control","Bass",7,6
"NFNB '16","B",1,25,10,"Control","Fathom",6,6
"NFNB '16","B",1,26,10,"CAIGE 1"," ICARDA023",7,6
"NFNB '16","B",1,27,10,"CAIGE 1"," ICARDA026",3,6
"NFNB '16","B",1,28,10,"CAIGE 1"," ICARDA068",6,6
"NFNB '16","B",1,29,10,"Control","VB9613",8,6
"NFNB '16","B",1,30,10,"CAIGE 1"," ISBONLRAM-052",2,6
"NFNB '16","B",1,31,10,"CAIGE 1"," ISBONLRAM-083",5,6
"NFNB '16","B",1,32,10,"CAIGE 1"," ISBONLRAM-107",5,6
"NFNB '16","B",1,33,10,"Control","La Trobe",8,6
"NFNB '16","B",1,34,10,"CAIGE 1"," ISBYTLRAC-003",4,6
"NFNB '16","B",1,35,10,"CAIGE 1"," ISBYTLRAC-004",6,6
"NFNB '16","B",1,36,10,"CAIGE 1"," ISBYTLRAC-015",3,6
"NFNB '16","B",1,37,10,"Control","Rosalind",3,6
"NFNB '16","B",1,38,10,"CAIGE 1"," ISBYTLRAC-019-24",6,6
"NFNB '16","B",1,39,10,"CAIGE 1"," ISBYTLRAM-004",5,6
"NFNB '16","B",1,26,11,"CAIGE 2","2:ZIB14",3,6
"NFNB '16","B",1,27,11,"CAIGE 2","18:ZIB14",5,6
"NFNB '16","B",1,28,11,"CAIGE 2","19:ZIB14",6,6
"NFNB '16","B",1,29,11,"CAIGE 2","23:ZIB14",4,6
"NFNB '16","B",1,30,11,"CAIGE 2","24:ZIB14",5,6
"NFNB '16","B",1,31,11,"CAIGE 2","13:ZIC14",2,6
"NFNB '16","B",1,33,11,"CAIGE 2","18:ZIC14",2,6
"NFNB '16","B",1,34,11,"CAIGE 2","5:ZID14",2,6
"NFNB '16","B",1,35,11,"CAIGE 2","6:ZID14",2,6
"NFNB '16","B",1,36,11,"CAIGE 2","15:ZID14",7,6
"NFNB '16","B",1,37,11,"CAIGE 2","16:ZID14",2,6
"NFNB '16","B",1,38,11,"CAIGE 2","23:ZID14",8,6
"NFNB '16","B",1,40,11,"CAIGE 2","27:ZID14",2,6
"NFNB '16","B",1,41,11,"CAIGE 2","32:ZID14",2,6
"NFNB '16","B",1,42,11,"CAIGE 2","35:ZID14",2,6
"NFNB '16","B",1,43,11,"CAIGE 2","44:ZID14",3,6
"NFNB '16","B",1,44,11,"CAIGE 2","45:ZID14",2,6
"NFNB '16","B",1,45,11,"CAIGE 2","49:ZID14",2,6
"NFNB '16","B",1,46,11,"CAIGE 2","52:ZID14",3,6
"NFNB '16","B",1,47,11,"CAIGE 2","54:ZID14",6,6
"NFNB '16","B",1,25,12,"Control","Bass",9,6
"NFNB '16","B",1,26,12,"CAIGE 2","63:ZID14",3,6
"NFNB '16","B",1,27,12,"CAIGE 2","74:ZID14",5,6
"NFNB '16","B",1,28,12,"CAIGE 2","75:ZID14",5,6
"NFNB '16","B",1,29,12,"Control","VB9613",9,6
"NFNB '16","B",1,30,12,"CAIGE 2","77:ZID14",2,6
"NFNB '16","B",1,31,12,"CAIGE 2","83:ZID14",3,6
"NFNB '16","B",1,32,12,"CAIGE 2","86:ZID14",2,6
"NFNB '16","B",1,33,12,"Control","Compass",4,6
"NFNB '16","B",1,34,12,"CAIGE 2","109:ZID14",3,6
"NFNB '16","B",1,35,12,"CAIGE 2","122:ZID14",9,6
"NFNB '16","B",1,36,12,"CAIGE 2","123:ZID14",3,6
"NFNB '16","B",1,37,12,"Control","VB9613",8,6
"NFNB '16","B",1,38,12,"CAIGE 2","128:ZID14",5,6
"NFNB '16","B",1,39,12,"CAIGE 2","132:ZID14",7,6
"NFNB '16","B",1,40,12,"CAIGE 2","133:ZID14",5,6
"NFNB '16","B",1,41,12,"Control","Gairdner",5,6
"NFNB '16","B",1,42,12,"CAIGE 2","136:ZID14",7,6
"NFNB '16","B",1,43,12,"CAIGE 2","144:ZID14",5,6
"NFNB '16","B",1,44,12,"CAIGE 2","148:ZID14",3,6
"NFNB '16","B",1,45,12,"Control","La Trobe",8,6
"NFNB '16","B",1,46,12,"CAIGE 2","149:ZID14",2,6
"NFNB '16","B",1,48,12,"Control","Fathom",7,6
"NFNB '16","B",1,25,13,"Control","Fathom",6,6
"17 NFNB","A",1,21,7,"CAIGE","32:ZID14",3,10
"17 NFNB","A",1,22,7,"CAIGE","5:LAN15",3,10
"17 NFNB","A",1,23,7,"CAIGE","9:LAN15",5,10
"17 NFNB","A",1,24,7,"Control","Control",7,10
"17 NFNB","A",1,1,8,"Control","VB9613",8,10
"17 NFNB","A",1,2,8,"CAIGE","12:LAN15",2,10
"17 NFNB","A",1,3,8,"CAIGE","15:LAN15",2,10
"17 NFNB","A",1,4,8,"CAIGE","17:LAN15",1,10
"17 NFNB","A",1,5,8,"CAIGE","21:LAN15",1,10
"17 NFNB","A",1,6,8,"CAIGE","24:LAN15",1,10
"17 NFNB","A",1,7,8,"CAIGE","14:ZBS15",1,10
"17 NFNB","A",1,8,8,"CAIGE","15:ZBS15",1,10
"17 NFNB","A",1,9,8,"Control","Fathom",4,10
"17 NFNB","A",1,10,8,"CAIGE","19:ZBS15",1,10
"17 NFNB","A",1,11,8,"CAIGE","22:ZBS15",6,10
"17 NFNB","A",1,12,8,"CAIGE","35:ZBS15",1,10
"17 NFNB","A",1,13,8,"CAIGE","41:ZBS15",1,10
"17 NFNB","A",1,14,8,"CAIGE","45:ZBS15",1,10
"17 NFNB","A",1,15,8,"CAIGE","48:ZBS15",1,10
"17 NFNB","A",1,16,8,"CAIGE","49:ZBS15",6,10
"17 NFNB","A",1,17,8,"Control","VB9613",7,10
"17 NFNB","A",1,19,8,"CAIGE","52:ZBS15",1,10
"17 NFNB","A",1,20,8,"CAIGE","53:ZBS15",1,10
"17 NFNB","A",1,21,8,"CAIGE","60:ZBS15",1,10
"17 NFNB","A",1,22,8,"CAIGE","78:ZBS15",1,10
"17 NFNB","A",1,23,8,"CAIGE","81:ZBS15",1,10
"17 NFNB","A",1,24,8,"Control","VB9613",7,10
"17 NFNB","A",1,1,9,"Control","VB9613",8,10
"17 NFNB","A",1,2,9,"CAIGE","12:ZIB15",3,10
"17 NFNB","A",1,3,9,"CAIGE","2:ZIC15",1,10
"17 NFNB","A",1,4,9,"CAIGE","11:ZIC15",1,10
"17 NFNB","A",1,5,9,"CAIGE","18:ZIC15",3,10
"17 NFNB","A",1,6,9,"CAIGE","22:ZIC15",1,10
"17 NFNB","A",1,7,9,"CAIGE","5:ZBS16",1,10
"17 NFNB","A",1,8,9,"CAIGE","7:ZBS16",1,10
"17 NFNB","A",1,9,9,"Control","Bass",6,10
"17 NFNB","A",1,10,9,"CAIGE","8:ZBS16",1,10
"17 NFNB","A",1,11,9,"CAIGE","13:ZBS16",1,10
"17 NFNB","A",1,12,9,"CAIGE","16:ZBS16",1,10
"17 NFNB","A",1,13,9,"CAIGE","18:ZBS16",1,10
"17 NFNB","A",1,15,9,"CAIGE","21:ZBS16",1,10
"17 NFNB","A",1,16,9,"CAIGE","23:ZBS16",1,10
"17 NFNB","A",1,17,9,"Control","Planet",6,10
"17 NFNB","A",1,18,9,"CAIGE","31:ZBS16",3,10
"17 NFNB","A",1,19,9,"CAIGE","34:ZBS16",1,10
"17 NFNB","A",1,20,9,"CAIGE","37:ZBS16",1,10
"17 NFNB","A",1,21,9,"CAIGE","46:ZBS16",1,10
"17 NFNB","A",1,22,9,"CAIGE","56:ZBS16",1,10
"17 NFNB","A",1,23,9,"CAIGE","67:ZBS16",1,10
"17 NFNB","A",1,24,9,"Control","Rosalind",1,10
"17 NFNB","A",1,1,10,"Control","VB9613",8,10
"17 NFNB","A",1,2,10,"CAIGE","81:ZBS16",1,10
"17 NFNB","A",1,3,10,"CAIGE","85:ZBS16",1,10
"17 NFNB","A",1,4,10,"CAIGE","86:ZBS16",3,10
"17 NFNB","A",1,5,10,"CAIGE","87:ZBS16",5,10
"17 NFNB","A",1,6,10,"CAIGE","88:ZBS16",1,10
"17 NFNB","A",1,7,10,"CAIGE","89:ZBS16",1,10
"17 NFNB","A",1,8,10,"CAIGE","90:ZBS16",1,10
"17 NFNB","A",1,9,10,"Control","Bass",5,10
"17 NFNB","A",1,10,10,"CAIGE","91:ZBS16",7,10
"17 NFNB","A",1,11,10,"CAIGE","92:ZBS16",3,10
"17 NFNB","A",1,12,10,"CAIGE","93:ZBS16",1,10
"17 NFNB","A",1,13,10,"CAIGE","94:ZBS16",1,10
"17 NFNB","A",1,15,10,"CAIGE","96:ZBS16",1,10
"17 NFNB","A",1,17,10,"Control","Compass",1,10
"17 NFNB","A",1,18,10,"CAIGE","98:ZBS16",4,10
"17 NFNB","A",1,19,10,"CAIGE","99:ZBS16",1,10
"17 NFNB","A",1,20,10,"CAIGE","100:ZBS16",2,10
"17 NFNB","A",1,21,10,"CAIGE","2:ZBT16",1,10
"17 NFNB","A",1,22,10,"CAIGE","3:ZBT16",1,10
"17 NFNB","A",1,23,10,"CAIGE","4:ZBT16",1,10
"17 NFNB","A",1,24,10,"Control","Control",8,10
"17 NFNB","A",1,1,12,"Control","VB9613",8,10
"17 NFNB","A",1,2,12,"CAIGE","7:ZBT16",6,10
"17 NFNB","A",1,3,12,"CAIGE","8:ZBT16",1,10
"17 NFNB","A",1,4,12,"CAIGE","9:ZBT16",6,10
"17 NFNB","A",1,5,12,"CAIGE","11:ZBT16",6,10
"17 NFNB","A",1,6,12,"CAIGE","12:ZBT16",6,10
"17 NFNB","A",1,7,12,"CAIGE","17:ZBT16",5,10
"17 NFNB","A",1,8,12,"CAIGE","18:ZBT16",5,10
"17 NFNB","A",1,9,12,"Control","Control",8,10
"17 NFNB","A",1,10,12,"CAIGE","20:ZBT16",2,10
"17 NFNB","A",1,11,12,"CAIGE","21:ZBT16",2,10
"17 NFNB","A",1,12,12,"CAIGE","22:ZBT16",3,10
"17 NFNB","A",1,13,12,"CAIGE","24:ZBT16",2,10
"17 NFNB","A",1,14,12,"CAIGE","28:ZBT16",2,10
"17 NFNB","A",1,15,12,"CAIGE","30:ZBT16",2,10
"17 NFNB","A",1,16,12,"CAIGE","37:ZBT16",2,10
"17 NFNB","A",1,17,12,"Control","Rosalind",2,10
"17 NFNB","A",1,18,12,"CAIGE","38:ZBT16",2,10
"17 NFNB","A",1,19,12,"CAIGE","41:ZBT16",2,10
"17 NFNB","A",1,20,12,"CAIGE","44:ZBT16",2,10
"17 NFNB","A",1,21,12,"CAIGE","50:ZBT16",2,10
"17 NFNB","A",1,22,12,"CAIGE","52:ZBT16",2,10
"17 NFNB","A",1,23,12,"CAIGE","53:ZBT16",2,10
"17 NFNB","A",1,24,12,"Control","VB9613",8,10
"17 NFNB","A",1,1,13,"Control","VB9613",8,10
"17 NFNB","A",1,2,13,"CAIGE","54:ZBT16",1,10
"17 NFNB","A",1,3,13,"CAIGE","58:ZBT16",1,10
"17 NFNB","A",1,4,13,"CAIGE","59:ZBT16",2,10
"17 NFNB","A",1,5,13,"CAIGE","64:ZBT16",2,10
"17 NFNB","A",1,6,13,"CAIGE","65:ZBT16",2,10
"17 NFNB","A",1,7,13,"CAIGE","68:ZBT16",2,10
"17 NFNB","A",1,8,13,"CAIGE","70:ZBT16",6,10
"17 NFNB","A",1,9,13,"Control","Bass",5,10
"17 NFNB","A",1,11,13,"CAIGE","76:ZBT16",2,10
"17 NFNB","A",1,12,13,"CAIGE","79:ZBT16",2,10
"17 NFNB","A",1,13,13,"CAIGE","83:ZBT16",2,10
"17 NFNB","A",1,14,13,"CAIGE","87:ZBT16",2,10
"17 NFNB","A",1,15,13,"CAIGE","88:ZBT16",3,10
"17 NFNB","A",1,16,13,"CAIGE","92:ZBT16",4,10
"17 NFNB","A",1,17,13,"Control","Compass",2,10
"17 NFNB","A",1,18,13,"CAIGE","94:ZBT16",2,10
"17 NFNB","A",1,20,13,"CAIGE","98:ZBT16",7,10
"17 NFNB","A",1,21,13,"CAIGE","100:ZBT16",7,10
"17 NFNB","A",1,22,13,"CAIGE","102:ZBT16",7,10
"17 NFNB","A",1,23,13,"CAIGE","103:ZBT16",2,10
"17 NFNB","A",1,24,13,"Control","VB9613",8,10
"17 NFNB","A",1,1,14,"Control","Planet",7,10
"17 NFNB","A",1,2,14,"CAIGE","108:ZBT16",2,10
"17 NFNB","A",1,3,14,"CAIGE","110:ZBT16",6,10
"17 NFNB","A",1,5,14,"CAIGE","119:ZBT16",1,10
"17 NFNB","A",1,6,14,"CAIGE","124:ZBT16",1,10
"17 NFNB","A",1,7,14,"CAIGE","125:ZBT16",1,10
"17 NFNB","A",1,8,14,"CAIGE","126:ZBT16",1,10
"17 NFNB","A",1,9,14,"Control","VB9613",8,10
"17 NFNB","A",1,10,14,"CAIGE","129:ZBT16",1,10
"17 NFNB","A",1,11,14,"CAIGE","132:ZBT16",1,10
"17 NFNB","A",1,12,14,"CAIGE","135:ZBT16",1,10
"17 NFNB","A",1,13,14,"CAIGE","136:ZBT16",1,10
"17 NFNB","A",1,14,14,"CAIGE","142:ZBT16",3,10
"17 NFNB","A",1,15,14,"CAIGE","145:ZBT16",2,10
"17 NFNB","A",1,16,14,"CAIGE","148:ZBT16",1,10
"17 NFNB","A",1,17,14,"Control","VB9613",8,10
"17 NFNB","A",1,18,14,"CAIGE","150:ZBT16",2,10
"17 NFNB","A",1,20,14,"CAIGE","153:ZBT16",1,10
"17 NFNB","A",1,21,14,"CAIGE","155:ZBT16",1,10
"17 NFNB","A",1,22,14,"CAIGE","157:ZBT16",3,10
"17 NFNB","A",1,23,14,"CAIGE","158:ZBT16",1,10
"17 NFNB","A",1,24,14,"Control","Planet",7,10
"17 NFNB","A",1,1,15,"Control","VB9613",7,10
"17 NFNB","A",1,2,15,"CAIGE","163:ZBT16",1,10
"17 NFNB","A",1,3,15,"CAIGE","169:ZBT16",1,10
"17 NFNB","A",1,4,15,"CAIGE","175:ZBT16",1,10
"17 NFNB","A",1,5,15,"CAIGE","177:ZBT16",1,10
"17 NFNB","A",1,6,15,"CAIGE","179:ZBT16",3,10
"17 NFNB","A",1,7,15,"CAIGE","180:ZBT16",1,10
"17 NFNB","A",1,8,15,"CAIGE","182:ZBT16",1,10
"17 NFNB","A",1,9,15,"Control","VB9613",7,10
"17 NFNB","A",1,10,15,"CAIGE","183:ZBT16",1,10
"17 NFNB","A",1,11,15,"CAIGE","188:ZBT16",1,10
"17 NFNB","A",1,12,15,"CAIGE","191:ZBT16",1,10
"17 NFNB","A",1,13,15,"CAIGE","196:ZBT16",1,10
"17 NFNB","A",1,14,15,"CAIGE","208:ZBT16",1,10
"17 NFNB","A",1,15,15,"CAIGE","210:ZBT16",1,10
"17 NFNB","A",1,16,15,"CAIGE","211:ZBT16",3,10
"17 NFNB","A",1,17,15,"Control","Fathom",4,10
"17 NFNB","A",1,18,15,"CAIGE","214:ZBT16",1,10
"17 NFNB","A",1,19,15,"CAIGE","220:ZBT16",1,10
"17 NFNB","A",1,20,15,"CAIGE","221:ZBT16",1,10
"17 NFNB","A",1,21,15,"CAIGE","223:ZBT16",5,10
"17 NFNB","A",1,22,15,"CAIGE","226:ZBT16",1,10
"17 NFNB","A",1,23,15,"CAIGE","229:ZBT16",2,10
"17 NFNB","A",1,24,15,"Control","Bass",6,10
"17 NFNB","A",1,1,16,"Control","Fathom",4,10
"17 NFNB","A",1,2,16,"CAIGE","231:ZBT16",2,10
"17 NFNB","A",1,3,16,"CAIGE","1:ZIB16",2,10
"17 NFNB","A",1,4,16,"CAIGE","2:ZIB16",2,10
"17 NFNB","A",1,5,16,"CAIGE","3:ZIB16",2,10
"17 NFNB","A",1,6,16,"CAIGE","5:ZIB16",2,10
"17 NFNB","A",1,7,16,"CAIGE","6:ZIB16",2,10
"17 NFNB","A",1,8,16,"CAIGE","7:ZIB16",2,10
"17 NFNB","A",1,9,16,"Control","VB9613",8,10
"17 NFNB","A",1,10,16,"CAIGE","8:ZIB16",2,10
"17 NFNB","A",1,11,16,"CAIGE","9:ZIB16",2,10
"17 NFNB","A",1,12,16,"CAIGE","10:ZIB16",2,10
"17 NFNB","A",1,13,16,"CAIGE","12:ZIB16",2,10
"17 NFNB","A",1,14,16,"CAIGE","13:ZIB16",2,10
"17 NFNB","A",1,15,16,"CAIGE","14:ZIB16",2,10
"17 NFNB","A",1,16,16,"CAIGE","15:ZIB16",2,10
"17 NFNB","A",1,17,16,"Control","Control",7,10
"17 NFNB","A",1,18,16,"CAIGE","16:ZIB16",3,10
"17 NFNB","A",1,19,16,"CAIGE","17:ZIB16",2,10
"17 NFNB","A",1,20,16,"CAIGE","18:ZIB16",2,10
"17 NFNB","A",1,21,16,"CAIGE","19:ZIB16",1,10
"17 NFNB","A",1,22,16,"CAIGE","20:ZIB16",1,10
"17 NFNB","A",1,23,16,"CAIGE","1:ZIC16",1,10
"17 NFNB","A",1,24,16,"Control","Control",7,10
"17 NFNB","A",1,1,17,"Control","Control",7,10
"17 NFNB","A",1,2,17,"CAIGE","2:ZIC16",2,10
"17 NFNB","A",1,3,17,"CAIGE","3:ZIC16",3,10
"17 NFNB","A",1,4,17,"CAIGE","4:ZIC16",1,10
"17 NFNB","A",1,5,17,"CAIGE","5:ZIC16",1,10
"17 NFNB","A",1,6,17,"CAIGE","6:ZIC16",1,10
"17 NFNB","A",1,7,17,"CAIGE","7:ZIC16",1,10
"17 NFNB","A",1,8,17,"CAIGE","8:ZIC16",2,10
"17 NFNB","A",1,9,17,"Control","Planet",7,10
"17 NFNB","A",1,10,17,"CAIGE","9:ZIC16",1,10
"17 NFNB","A",1,11,17,"CAIGE","10:ZIC16",1,10
"17 NFNB","A",1,12,17,"CAIGE","11:ZIC16",1,10
"17 NFNB","A",1,13,17,"CAIGE","12:ZIC16",1,10
"17 NFNB","A",1,14,17,"CAIGE","13:ZIC16",1,10
"17 NFNB","A",1,15,17,"CAIGE","15:ZIC16",1,10
"17 NFNB","A",1,16,17,"CAIGE","16:ZIC16",1,10
"17 NFNB","A",1,17,17,"Control","VB9613",7,10
"17 NFNB","A",1,18,17,"CAIGE","17:ZIC16",1,10
"17 NFNB","A",1,19,17,"CAIGE","21:ZIC16",1,10
"17 NFNB","A",1,20,17,"CAIGE","22:ZIC16",1,10
"17 NFNB","A",1,21,17,"CAIGE","1:LAN16",1,10
"17 NFNB","A",1,22,17,"CAIGE","2:LAN16",1,10
"17 NFNB","A",1,23,17,"CAIGE","3:LAN16",1,10
"17 NFNB","A",1,24,17,"Control","Rosalind",2,10
"17 NFNB","A",1,1,18,"Control","Compass",3,10
"17 NFNB","A",1,2,18,"CAIGE","4:LAN16",2,10
"17 NFNB","A",1,3,18,"CAIGE","5:LAN16",2,10
"17 NFNB","A",1,4,18,"CAIGE","6:LAN16",2,10
"17 NFNB","A",1,6,18,"CAIGE","8:LAN16",3,10
"17 NFNB","A",1,7,18,"CAIGE","9:LAN16",2,10
"17 NFNB","A",1,8,18,"CAIGE","10:LAN16",2,10
"17 NFNB","A",1,9,18,"Control","VB9613",7,10
"17 NFNB","A",1,10,18,"CAIGE","11:LAN16",2,10
"17 NFNB","A",1,11,18,"CAIGE","12:LAN16",2,10
"17 NFNB","A",1,12,18,"CAIGE","13:LAN16",1,10
"17 NFNB","A",1,13,18,"CAIGE","14:LAN16",1,10
"17 NFNB","A",1,14,18,"CAIGE","15:LAN16",1,10
"17 NFNB","A",1,15,18,"CAIGE","16:LAN16",1,10
"17 NFNB","A",1,16,18,"CAIGE","17:LAN16",1,10
"17 NFNB","A",1,17,18,"Control","Control",8,10
"17 NFNB","A",1,18,18,"CAIGE","18:LAN16",1,10
"17 NFNB","A",1,19,18,"CAIGE","19:LAN16",1,10
"17 NFNB","A",1,20,18,"CAIGE","20:LAN16",1,10
"17 NFNB","A",1,21,18,"CAIGE","21:LAN16",1,10
"17 NFNB","A",1,22,18,"CAIGE","22:LAN16",1,10
"17 NFNB","A",1,23,18,"CAIGE","23:LAN16",1,10
"17 NFNB","A",1,24,18,"Control","Control",7,10
"17 NFNB","A",1,1,19,"Control","VB9613",8,10
"17 NFNB","A",1,2,19,"CAIGE","24:LAN16",1,10
"17 NFNB","A",1,3,19,"CAIGE","25:LAN16",1,10
"17 NFNB","A",1,4,19,"CAIGE","26:LAN16",1,10
"17 NFNB","A",1,5,19,"CAIGE","27:LAN16",1,10
"17 NFNB","A",1,6,19,"CAIGE","28:LAN16",5,10
"17 NFNB","A",1,7,19,"CAIGE","29:LAN16",1,10
"17 NFNB","A",1,8,19,"CAIGE","30:LAN16",1,10
"17 NFNB","A",1,9,19,"Control","Compass",4,10
"17 NFNB","A",1,10,19,"CAIGE","31:LAN16",1,10
"17 NFNB","A",1,11,19,"CAIGE","32:LAN16",1,10
"17 NFNB","A",1,12,19,"CAIGE","33:LAN16",1,10
"17 NFNB","A",1,13,19,"CAIGE","34:LAN16",1,10
"17 NFNB","A",1,14,19,"CAIGE","35:LAN16",1,10
"17 NFNB","A",1,15,19,"CAIGE","36:LAN16",5,10
"17 NFNB","A",1,16,19,"CAIGE","37:LAN16",1,10
"17 NFNB","A",1,17,19,"Control","Bass",5,10
"17 NFNB","A",1,18,19,"CAIGE","38:LAN16",1,10
"17 NFNB","A",1,19,19,"CAIGE","39:LAN16",1,10
"17 NFNB","A",1,21,19,"CAIGE","41:LAN16",1,10
"17 NFNB","A",1,22,19,"CAIGE","42:LAN16",1,10
"17 NFNB","A",1,23,19,"CAIGE","43:LAN16",1,10
"17 NFNB","A",1,24,19,"Control","Rosalind",2,10
